{
    "Czech Rep.": [
        15.472962,
        49.817492
    ],
    "South Korea": [
        127.766922,
        35.907757
    ],
    "Global (except China)": [
        104.195397,
        35.86166
    ],
    "China": [
        "104.195397",
        "104.195397"
    ],
    "Thailand": [
        "100.992541",
        "100.992541"
    ],
    "Singapore": [
        "103.819836",
        "103.819836"
    ],
    "Japan": [
        "138.252924",
        "138.252924"
    ],
    "Iran": [
        "53.688046",
        "53.688046"
    ],
    "USA": [
        "-95.712891",
        "-95.712891"
    ],
    "Italy": [
        "12.56738",
        "12.56738"
    ],
    "France": [
        "2.213749",
        "2.213749"
    ],
    "Germany": [
        "10.451526",
        "10.451526"
    ],
    "Spain": [
        "-3.74922",
        "-3.74922"
    ],
    "Netherlands": [
        "5.291266",
        "5.291266"
    ],
    "Sweden": [
        "18.643501",
        "18.643501"
    ],
    "Belgium": [
        "4.469936",
        "4.469936"
    ],
    "UK": [
        "-3.435973",
        "-3.435973"
    ],
    "Switzerland": [
        "8.227512",
        "8.227512"
    ],
    "Greece": [
        "21.824312",
        "21.824312"
    ],
    "Canada": [
        "-106.346771",
        "-106.346771"
    ],
    "Malaysia": [
        "101.975766",
        "101.975766"
    ],
    "Philippines": [
        "121.774017",
        "121.774017"
    ],
    "Australia": [
        "133.775136",
        "133.775136"
    ],
    "Denmark": [
        "9.501785",
        "9.501785"
    ],
    "Norway": [
        "8.468946",
        "8.468946"
    ],
    "Austria": [
        "14.550072",
        "14.550072"
    ],
    "Luxembourg": [
        "6.129583",
        "6.129583"
    ],
    "Qatar": [
        "51.183884",
        "51.183884"
    ],
    "Ireland": [
        "-8.24389",
        "-8.24389"
    ],
    "Portugal": [
        "-8.224454",
        "-8.224454"
    ],
    "Israel": [
        "34.851612",
        "34.851612"
    ],
    "Finland": [
        "25.748151",
        "25.748151"
    ],
    "Brazil": [
        "-51.92528",
        "-51.92528"
    ],
    "Pakistan": [
        "69.345116",
        "69.345116"
    ],
    "Russia": [
        "105.318756",
        "105.318756"
    ],
    "Estonia": [
        "25.013607",
        "25.013607"
    ],
    "Slovenia": [
        "14.995463",
        "14.995463"
    ],
    "Turkey": [
        "35.243322",
        "35.243322"
    ],
    "Panama":[
        8.5379810000,-80.7821270000
    ]
}